{
  "worker_33472": 1773179019.0198967,
  "worker_27148": 1773179019.0800266
}